Annexure II- Nifty Next 50 Index : May 2018,,,,,,,,,,,
,,,,,,,,,,,
Sr. No,Security Symbol,Security Name,Industry,Equity Capital (In Rs.),Free Float Market Capitalisation (Rs. Crores),Weightage (%),Beta,R2,Volatility (%),Monthly Return,Avg. Impact Cost (%)
1,ABB,ABB India Ltd.,ELECTRICAL EQUIPMENT,423816750,6525.98,0.95,0.65,0.10,1.33,-9.32,0.07
2,ACC,ACC Ltd.,CEMENT AND CEMENT PRODUCTS,1877871730,11446.94,1.66,0.98,0.21,1.26,-14.65,0.02
3,ABCAPITAL,Aditya Birla Capital Ltd.,FINANCE,22009069510,8071.83,1.17,0.85,0.09,1.40,-8.17,0.06
4,AMBUJACEM,Ambuja Cements Ltd.,CEMENT AND CEMENT PRODUCTS,3971290458,15090.51,2.19,0.91,0.18,1.43,-18.05,0.04
5,ASHOKLEY,Ashok Leyland Ltd.,AUTOMOBILES - 4 WHEELERS,2927104101,21234.53,3.08,0.95,0.10,2.86,-9.97,0.03
6,AUROPHARMA,Aurobindo Pharma Ltd.,PHARMACEUTICALS,585882409,15644.47,2.27,1.10,0.15,1.89,-13.35,0.03
7,DMART,Avenue Supermarts Ltd.,MISCELLANEOUS,6240844860,10792.70,1.57,1.27,0.16,2.59,5.47,0.04
8,BANKBARODA,Bank of Baroda,BANKS,5291032264,13033.40,1.89,1.96,0.18,2.50,-8.12,0.04
9,BEL,Bharat Electronics Ltd.,ELECTRONICS - INDUSTRIAL,2456990723,9275.63,1.35,1.15,0.17,2.20,-12.80,0.03
10,BHEL,Bharat Heavy Electricals Ltd.,ELECTRICAL EQUIPMENT,7342800000,11363.17,1.65,1.30,0.22,2.32,-4.73,0.05
11,BOSCHLTD,Bosch Ltd.,AUTO ANCILLARIES,305207400,16817.69,2.44,0.66,0.10,1.46,-5.35,0.05
12,BRITANNIA,Britannia Industries Ltd.,FOOD AND FOOD PROCESSING,240118296,34850.00,5.06,0.59,0.12,1.29,7.45,0.03
13,CADILAHC,Cadila Healthcare Ltd.,PHARMACEUTICALS,1023742595,9246.95,1.34,1.00,0.11,2.50,-12.38,0.05
14,COLPAL,Colgate Palmolive (India) Ltd.,PERSONAL CARE,271985634,16788.39,2.44,0.36,0.04,1.43,12.15,0.04
15,CONCOR,Container Corporation of India Ltd.,TRAVEL AND TRANSPORT,2437177390,15124.45,2.20,0.85,0.12,1.43,5.76,0.03
16,CUMMINSIND,Cummins India Ltd.,DIESEL ENGINES,554400000,9526.30,1.38,0.76,0.10,1.47,-8.86,0.05
17,DLF,DLF Ltd.,CONSTRUCTION,3568140716,9361.91,1.36,1.99,0.26,2.15,-5.92,0.04
18,DABUR,Dabur India Ltd.,PERSONAL CARE,1761520510,21606.11,3.14,0.57,0.10,0.90,3.76,0.03
19,EMAMILTD,Emami Ltd.,PERSONAL CARE,226967619,6410.02,0.93,0.53,0.05,1.34,-6.21,0.06
20,GICRE,General Insurance Corporation of India,FINANCE,4386000000,8898.05,1.29,0.05,0.00,1.87,2.17,0.06
21,GODREJCP,Godrej Consumer Products Ltd.,PERSONAL CARE,681329518,28717.05,4.17,0.55,0.05,1.10,1.98,0.04
22,HAVELLS,Havells India Ltd.,ELECTRICAL EQUIPMENT,625148473,12926.63,1.88,0.99,0.13,2.13,-0.57,0.03
23,HINDZINC,Hindustan Zinc Ltd.,METALS,8450638000,7513.04,1.09,1.23,0.23,1.63,-9.33,0.03
24,ICICIPRULI,ICICI Prudential Life Insurance Company Ltd.,FINANCE,14354947100,11523.43,1.67,0.85,0.09,1.91,-0.89,0.04
25,IDEA,Idea Cellular Ltd.,TELECOMMUNICATION - SERVICES,43590890390,10991.44,1.60,1.13,0.07,3.51,-11.06,0.06
26,INDIGO,InterGlobe Aviation Ltd.,TRAVEL AND TRANSPORT,3844068380,11248.51,1.63,0.89,0.09,3.00,-13.08,0.03
27,JSWSTEEL,JSW Steel Ltd.,STEEL AND STEEL PRODUCTS,2417220440,34497.84,5.01,1.55,0.30,1.99,2.12,0.04
28,L&TFH,L&T Finance Holdings Ltd.,FINANCE,19956769600,10507.94,1.53,1.67,0.26,1.89,-1.93,0.05
29,LICHSGFIN,LIC Housing Finance Ltd.,FINANCE - HOUSING,1009326000,14387.44,2.09,1.32,0.30,1.61,-13.10,0.02
30,MRF,MRF Ltd.,TYRES,42411430,18629.54,2.70,0.87,0.15,1.22,-5.25,0.04
31,MARICO,Marico Ltd.,PERSONAL CARE,1290771198,16617.39,2.41,0.56,0.08,1.51,-3.22,0.03
32,MOTHERSUMI,Motherson Sumi Systems Ltd.,AUTO ANCILLARIES,2105289491,24812.31,3.60,1.21,0.22,2.24,-12.06,0.03
33,NHPC,NHPC Ltd.,POWER,1.02593E+11,5981.18,0.87,0.80,0.11,1.13,-6.85,0.1
34,NMDC,NMDC Ltd.,MINING,3163890474,10404.77,1.51,1.41,0.24,1.23,-6.04,0.04
35,OIL,Oil India Ltd.,OIL EXPLORATION/PRODUCTION,11349039110,5879.26,0.85,0.51,0.03,2.64,-7.14,0.04
36,OFSS,Oracle Financial Services Software Ltd.,COMPUTERS - SOFTWARE,427016790,8755.16,1.27,0.51,0.06,1.82,-8.52,0.05
37,PETRONET,Petronet LNG Ltd.,GAS,15000000880,16473.75,2.39,0.73,0.07,2.37,-3.15,0.04
38,PIDILITIND,Pidilite Industries Ltd.,CHEMICALS - SPECIALITY,512810330,17808.88,2.58,0.69,0.10,1.85,6.57,0.02
39,PEL,Piramal Enterprises Ltd.,PHARMACEUTICALS,360601252,20523.55,2.98,1.30,0.24,1.38,-8.78,0.04
40,PFC,Power Finance Corporation Ltd.,FINANCIAL INSTITUTION,26400814080,7230.39,1.05,1.38,0.17,2.47,-8.41,0.05
41,PGHH,Procter & Gamble Hygiene & Health Care Ltd.,PERSONAL CARE,324607360,8756.07,1.27,0.08,0.00,1.79,-2.47,0.13
42,PNB,Punjab National Bank,BANKS,5521146454,8775.03,1.27,2.30,0.13,3.66,-12.32,0.05
43,RECLTD,Rural Electrification Corporation Ltd.,FINANCIAL INSTITUTION,19749180000,9800.14,1.42,1.17,0.14,1.97,-7.33,0.05
44,SBILIFE,SBI Life Insurance Company Ltd.,FINANCE,10000000000,8277.60,1.20,0.30,0.02,1.49,-7.17,0.06
45,SHREECEM,Shree Cement Ltd.,CEMENT AND CEMENT PRODUCTS,348372250,20582.56,2.99,0.85,0.13,1.38,-0.37,0.06
46,SRTRANSFIN,Shriram Transport Finance Co. Ltd.,FINANCE,2268827360,21117.16,3.06,0.93,0.09,1.95,-9.69,0.03
47,SIEMENS,Siemens Ltd.,ELECTRICAL EQUIPMENT,712240510,9307.20,1.35,1.19,0.24,2.09,-6.86,0.04
48,SAIL,Steel Authority of India Ltd.,STEEL AND STEEL PRODUCTS,41305252890,7842.83,1.14,2.27,0.27,2.93,-2.19,0.05
49,SUNTV,Sun TV Network Ltd.,MEDIA & ENTERTAINMENT,1970423100,9040.30,1.31,1.44,0.17,2.62,4.30,0.04
50,MCDOWELL-N,United Spirits Ltd.,BREW/DISTILLERIES,1453277430,18950.80,2.75,1.18,0.12,1.90,-7.69,0.04
,,,,,688988.23,,,,,,0.04
,,,,,,,,,,,
* Beta & R2 are calculated for the period 01-June-2017 to 31-May-2018,,,,,,,,,,,
,,,,,,,,,,,
* Beta measures the  degree to which any portfolio of stocks is affected as compared to the effect,,,,,,,,,,,
  on the market as a whole.,,,,,,,,,,,
,,,,,,,,,,,
* The coefficient of determination (R2) measures the strength of relationship between two variables,,,,,,,,,,,
   the return on  a security versus that of the market.,,,,,,,,,,,
,,,,,,,,,,,
* Volatility is the Std. deviation of the daily returns for the period 01-June-2017 to 31-May-2018,,,,,,,,,,,
,,,,,,,,,,,
* Last day of trading was 31-May-2018,,,,,,,,,,,
,,,,,,,,,,,
* Impact Cost for Nifty Next 50 is for a portfolio of Rs. 25 Lakhs  ,,,,,,,,,,,
,,,,,,,,,,,
* Impact Cost for Nifty Next 50 is the weightage average impact cost,,,,,,,,,,,
