Annexure II- CNX Nifty Jr. Index : April 2014,,,,,,,,,,,
,,,,,,,,,,,
Sr. No,Security Symbol,Security Name,Industry,Equity Capital,Free Float Market Capitalisation for Apr. 2014,Weightage,Beta,R2,Volatility,Monthly Return,Avg. Impact Cost Apr. 2014
,,,,(In Rs.),(Rs. Crores),%,,,%,,%
1,ADANIENT,Adani Enterprises Ltd.,TRADING,1099810083,11489,3.11,1.42,0.2,6.11,13.55,0.1
2,ADANIPORTS,Adani Ports and Special Economic Zone Ltd.,SHIPPING,4140103240,9740,2.64,0.74,0.11,2.49,0.4,0.11
3,ABIRLANUVO,Aditya Birla Nuvo Ltd.,DIVERSIFIED,1300849720,6002,1.63,1.07,0.36,1.7,1.44,0.09
4,APOLLOHOSP,Apollo Hospitals Enterprises Ltd.,MISCELLANEOUS,695625795,6819,1.85,0.5,0.06,0.9,-2.41,0.08
5,BAJAJFINSV,Bajaj Finserv Ltd.,FINANCE,795759305,4967,1.35,0.58,0.16,1.05,5.6,0.14
6,BAJAJHLDNG,Bajaj Holdings & Investment Ltd.,FINANCE,1112935100,6442,1.75,0.28,0.05,1.4,2.42,0.16
7,BANKINDIA,Bank of India,BANKS,6422630130,5008,1.36,2.01,0.41,2.89,2.47,0.09
8,BHARATFORG,Bharat Forge Ltd.,CASTINGS/FORGINGS,465588632,5056,1.37,0.79,0.15,1.62,-3.32,0.08
9,INFRATEL,Bharti Infratel Ltd.,TELECOMMUNICATION - EQUIPMENT,18893011130,7417,2.01,0.49,0.09,1.32,6.02,0.12
10,BOSCHLTD,Bosch Ltd.,AUTO ANCILLARIES,313989000,9536,2.58,0.2,0.03,1.37,-3.26,0.15
11,CANBK,Canara Bank,BANKS,4612588370,4085,1.11,1.86,0.46,2.76,8.06,0.08
12,COLPAL,Colgate Palmolive (India) Ltd.,PERSONAL CARE,135992817,9560,2.59,0.48,0.14,1.46,4.53,0.09
13,CONCOR,Container Corporation of India Ltd.,TRAVEL AND TRANSPORT,1949741910,6922,1.88,0.41,0.08,2.37,-0.9,0.15
14,CROMPGREAV,Crompton Greaves Ltd.,ELECTRICAL EQUIPMENT,1253492284,5930,1.61,1.29,0.24,3.82,2.62,0.1
15,CUMMINSIND,Cummins India Ltd.,DIESEL ENGINES,554400000,7444,2.02,0.5,0.11,1.29,-8.17,0.11
16,DABUR,Dabur India Ltd.,PERSONAL CARE,1743813073,9803,2.66,0.44,0.08,1.67,-0.22,0.07
17,DIVISLAB,Divi's Laboratories Ltd.,PHARMACEUTICALS,265468580,8779,2.38,0.41,0.08,1.15,1.12,0.07
18,EXIDEIND,Exide Industries Ltd.,AUTO ANCILLARIES,850000000,5497,1.49,0.67,0.18,1.93,-1.16,0.09
19,FEDERALBNK,Federal Bank Ltd.,BANKS,1712263900,7744,2.1,1.46,0.37,2.34,-5.54,0.11
20,GSKCONS,GlaxoSmithkline Consumer Healthcare Ltd.,FOOD AND FOOD PROCESSING,420555380,4836,1.31,0.74,0.1,0.98,-2.92,0.1
21,GLAXO,Glaxosmithkline Pharmaceuticals Ltd.,PHARMACEUTICALS,847030170,10306,2.79,0.01,0,0.64,-4.15,0.11
22,GLENMARK,Glenmark Pharmaceuticals Ltd.,PHARMACEUTICALS,271223653,8477,2.3,0.25,0.02,1.46,6.96,0.08
23,GODREJCP,Godrej Consumer Products Ltd.,PERSONAL CARE,340378310,9972,2.7,0.56,0.09,2.22,-7.08,0.11
24,HINDPETRO,Hindustan Petroleum Corporation Ltd.,REFINERIES,3386272500,5328,1.44,1.16,0.26,2.34,3.89,0.09
25,INGVYSYABK,ING Vysya Bank Ltd.,BANKS,1886355750,6069,1.64,0.94,0.28,1.38,-10.8,0.12
26,IDEA,Idea Cellular Ltd.,TELECOMMUNICATION - SERVICES,33196317610,10879,2.95,0.69,0.11,2.22,-2,0.07
27,JSWSTEEL,JSW Steel Ltd.,STEEL AND STEEL PRODUCTS,2417220440,12484,3.38,1.18,0.29,2.27,4.54,0.08
28,LICHSGFIN,LIC Housing Finance Ltd.,FINANCE - HOUSING,1009326000,7904,2.14,1.67,0.54,2.18,11.12,0.07
29,M&MFIN,Mahindra & Mahindra Financial Services Ltd.,FINANCE,1137529920,6693,1.81,0.87,0.12,1.84,-2.36,0.07
30,MPHASIS,MphasiS Ltd.,COMPUTERS - SOFTWARE,2101348210,3030,0.82,0.39,0.04,1.87,2.15,0.1
31,OIL,Oil India Ltd.,OIL EXPLORATION/PRODUCTION,6011359550,6502,1.76,0.89,0.25,1.12,-1.4,0.06
32,OFSS,Oracle Financial Services Software Ltd.,COMPUTERS - SOFTWARE,420672925,6322,1.71,0.19,0.02,1.36,-2.82,0.11
33,PETRONET,Petronet LNG Ltd.,GAS,7500000440,4344,1.18,0.68,0.19,1.44,5.69,0.08
34,PFC,Power Finance Corporation Ltd.,FINANCIAL INSTITUTION,13200399720,6379,1.73,1.71,0.39,2.46,-4.84,0.09
35,RANBAXY,Ranbaxy Laboratories Ltd.,PHARMACEUTICALS,2118895315,7341,1.99,1.23,0.11,3.19,29.75,0.08
36,RELCAPITAL,Reliance Capital Ltd.,FINANCE,2456328000,4001,1.08,1.67,0.54,2.56,2.67,0.08
37,RCOM,Reliance Communications Ltd.,TELECOMMUNICATION - SERVICES,10320134405,8139,2.21,1.44,0.27,2.03,-5,0.09
38,RPOWER,Reliance Power Ltd.,POWER,28051264660,4803,1.3,1.3,0.41,1.63,-3.11,0.09
39,RECLTD,Rural Electrification Corporation Ltd.,FINANCIAL INSTITUTION,9874590000,7800,2.11,1.52,0.44,2.2,3.57,0.11
40,SRTRANSFIN,Shriram Transport Finance Co. Ltd.,FINANCE,2268827360,12351,3.35,0.97,0.18,2.94,-4.26,0.09
41,SIEMENS,Siemens Ltd.,ELECTRICAL EQUIPMENT,712239770,6180,1.67,1.09,0.26,1.95,-10.12,0.09
42,SAIL,Steel Authority of India Ltd.,STEEL AND STEEL PRODUCTS,41305252890,5573,1.51,1.05,0.26,2.25,-5.53,0.11
43,TATACHEM,Tata Chemicals Ltd.,CHEMICALS - INORGANIC,2547562780,4994,1.35,0.59,0.18,1.72,-0.99,0.09
44,TATAGLOBAL,Tata Global Beverages Ltd.,TEA AND COFFEE,618398570,5998,1.63,0.7,0.18,1.64,-0.4,0.08
45,TITAN,Titan Company Ltd.,"GEMS, JEWELLERY AND WATCHES",887786160,10622,2.88,1,0.2,1.23,-2.99,0.09
46,UPL,UPL Ltd.,PESTICIDES AND AGROCHEMICALS,857208548,8174,2.22,0.67,0.08,5.03,45.35,0.09
47,UNIONBANK,Union Bank of India,BANKS,6303062730,3799,1.03,1.94,0.43,3.24,10.01,0.09
48,UBL,United Breweries Ltd.,BREW/DISTILLERIES,264405149,5257,1.42,0.8,0.1,0.8,-4.16,0.1
49,YESBANK,Yes Bank Ltd.,BANKS,3606336260,11833,3.21,2.35,0.47,2.93,6.47,0.06
50,ZEEL,Zee Entertainment Enterprises Ltd.,MEDIA & ENTERTAINMENT,960448720,14355,3.89,0.67,0.13,1.61,-3.22,0.08
,,,,,368984,,,,,,0.09
,,,,,,,,,,,
* Beta & R2 are calculated for the period 01-May-2013 to 30-Apr-2014,,,,,,,,,,,
,,,,,,,,,,,
* Beta measures the  degree to which any portfolio of stocks is affected as compared to the effect,,,,,,,,,,,
  on the market as a whole.,,,,,,,,,,,
,,,,,,,,,,,
* The coefficient of determination (R2) measures the strength of relationship between two variables,,,,,,,,,,,
   the return on  a security versus that of the market.,,,,,,,,,,,
,,,,,,,,,,,
* Volatility is the Std. deviation of the daily returns for the period 01-Apr-2014 to 30-Apr-2014,,,,,,,,,,,
,,,,,,,,,,,
* Last day of trading was 30-Apr-2014,,,,,,,,,,,
,,,,,,,,,,,
* Impact Cost for CNX Nifty Jr. is for a portfolio of Rs. 25 Lakhs  ,,,,,,,,,,,
,,,,,,,,,,,
* Impact Cost for CNX Nifty Jr. is the weightage average impact cost,,,,,,,,,,,
